first_name,last_name,email,gender,ip_address,date
Roobbie,Wilbore,rwilbore0@bandcamp.com,Female,82.243.17.211,01/07/2018
Aprilette,Dole,adole1@altervista.org,Female,12.132.123.75,03/27/2017
Phillipe,Winkworth,pwinkworth2@wufoo.com,Male,71.62.119.246,01/20/2018
Arvy,Lempke,alempke3@squidoo.com,Male,117.227.52.135,10/20/2017
Cody,Jakov,cjakov4@i2i.jp,Female,172.197.66.100,05/23/2017
Colan,Keggins,ckeggins5@timesonline.co.uk,Male,181.229.74.134,05/27/2017
Nancee,Hembry,nhembry6@reddit.com,Female,156.241.166.133,02/16/2017
Marla,Kopta,mkopta7@youku.com,Female,7.62.98.38,01/11/2018
Sharlene,Roll,sroll8@hexun.com,Female,33.240.2.44,12/30/2017
Misti,Fillan,mfillan9@friendfeed.com,Female,116.231.5.10,02/21/2017
Elyse,McSkin,emcskina@naver.com,Female,174.104.235.87,12/27/2017
Avril,Harm,aharmb@bloomberg.com,Female,69.223.89.103,07/15/2017
Viola,Lopez,vlopezc@exblog.jp,Female,166.108.241.67,03/1/2017
Dulci,Lutz,dlutzd@newyorker.com,Female,68.222.192.251,03/30/2017
Mallory,Ivett,mivette@slideshare.net,Male,54.169.32.87,06/05/2017
Gris,Attree,gattreef@cpanel.net,Male,33.79.140.56,07/26/2017
Jackelyn,Matas,jmatasg@cocolog-nifty.com,Female,91.95.85.200,11/16/2017
Meggi,Corey,mcoreyh@virginia.edu,Female,23.132.198.151,01/13/2018
Chuck,Ditchfield,cditchfieldi@networksolutions.com,Male,109.14.57.171,03/31/2017
